1,1级北斗石,宝石,30,不限,1,1
2,2级北斗石,宝石,30,不限,1,1
3,3级北斗石,宝石,30,不限,2,2
4,4级北斗石,宝石,30,不限,2,2
5,5级北斗石,宝石,40,不限,3,3
6,6级北斗石,宝石,40,不限,3,3
7,7级北斗石,宝石,50,不限,4,4
8,8级北斗石,宝石,60,不限,4,4
9,9级北斗石,宝石,60,不限,5,5
10,10级北斗石,宝石,70,不限,5,5
11,11级北斗石,宝石,80,不限,5,5
12,12级北斗石,宝石,80,不限,5,5
13,13级北斗石,宝石,90,不限,6,6
14,14级北斗石,宝石,100,不限,6,6
15,15级北斗石,宝石,110,不限,6,6
16,1级天行石,宝石,30,不限,1,1
17,2级天行石,宝石,30,不限,1,1
18,3级天行石,宝石,30,不限,2,2
19,4级天行石,宝石,30,不限,2,2
20,5级天行石,宝石,40,不限,3,3
21,6级天行石,宝石,40,不限,3,3
22,7级天行石,宝石,50,不限,4,4
23,8级天行石,宝石,60,不限,4,4
24,9级天行石,宝石,60,不限,5,5
25,10级天行石,宝石,70,不限,5,5
26,11级天行石,宝石,80,不限,5,5
27,12级天行石,宝石,80,不限,5,5
28,13级天行石,宝石,90,不限,6,6
29,14级天行石,宝石,100,不限,6,6
30,15级天行石,宝石,110,不限,6,6
31,1级望月石,宝石,30,不限,1,1
32,2级望月石,宝石,30,不限,1,1
33,3级望月石,宝石,30,不限,2,2
34,4级望月石,宝石,30,不限,2,2
35,5级望月石,宝石,40,不限,3,3
36,6级望月石,宝石,40,不限,3,3
37,7级望月石,宝石,50,不限,4,4
38,8级望月石,宝石,60,不限,4,4
39,9级望月石,宝石,60,不限,5,5
40,10级望月石,宝石,70,不限,5,5
41,11级望月石,宝石,80,不限,5,5
42,12级望月石,宝石,80,不限,5,5
43,13级望月石,宝石,90,不限,6,6
44,14级望月石,宝石,100,不限,6,6
45,15级望月石,宝石,110,不限,6,6
46,1级无相石,宝石,30,不限,1,1
47,2级无相石,宝石,30,不限,1,1
48,3级无相石,宝石,30,不限,2,2
49,4级无相石,宝石,30,不限,2,2
50,5级无相石,宝石,40,不限,3,3
51,6级无相石,宝石,40,不限,3,3
52,7级无相石,宝石,50,不限,4,4
53,8级无相石,宝石,60,不限,4,4
54,9级无相石,宝石,60,不限,5,5
55,10级无相石,宝石,70,不限,5,5
56,11级无相石,宝石,80,不限,5,5
57,12级无相石,宝石,80,不限,5,5
58,13级无相石,宝石,90,不限,6,6
59,14级无相石,宝石,100,不限,6,6
60,15级无相石,宝石,110,不限,6,6
61,1级元如石,宝石,30,不限,1,1
62,2级元如石,宝石,30,不限,1,1
63,3级元如石,宝石,30,不限,2,2
64,4级元如石,宝石,30,不限,2,2
65,5级元如石,宝石,40,不限,3,3
66,6级元如石,宝石,40,不限,3,3
67,7级元如石,宝石,50,不限,4,4
68,8级元如石,宝石,60,不限,4,4
69,9级元如石,宝石,60,不限,5,5
70,10级元如石,宝石,70,不限,5,5
71,11级元如石,宝石,80,不限,5,5
72,12级元如石,宝石,80,不限,5,5
73,13级元如石,宝石,90,不限,6,6
74,14级元如石,宝石,100,不限,6,6
75,15级元如石,宝石,110,不限,6,6
76,破军寒玉,材料,108,不限,1,1
77,贪狼煞玉,材料,108,不限,2,2
78,天府瑞玉,材料,108,不限,3,3
79,仙运石,材料,108,不限,3,3
80,紫微升重玉,材料,108,不限,3,3
81,狐族守护,材料,20,不限,5,5
82,北极,材料,121,不限,6,6
83,四辅,材料,121,不限,6,6
84,天乙,材料,121,不限,6,6
85,太乙,材料,121,不限,6,6
86,天柱,材料,121,不限,6,6
87,大理,材料,121,不限,6,6
88,三师,材料,121,不限,6,6
89,橙法宝自选包,材料,110,不限,5,5
90,九州源石籽料,材料,113,不限,3,3
91,九州源石高级籽料,材料,113,不限,4,4
92,锋利的切石刀,材料,113,不限,3,3
93,精致的切石刀,材料,113,不限,4,4
94,通灵的切石刀,材料,113,不限,4,4
95,太玄真炎,材料,113,不限,4,4
96,冰灵玉液,材料,113,不限,4,4
97,琼华玉液,材料,113,不限,5,5
98,玄天神火,材料,113,不限,6,6
99,朱雀璋,材料,113,不限,3,3
100,苍龙圭,材料,113,不限,4,4
101,玄天玉璧,材料,113,不限,5,5
102,墨银矿石,材料,25,不限,1,1
103,六方金刚石,材料,30,不限,2,2
104,轮回石,材料,20,不限,5,5
105,精致无双石礼包,材料,70,不限,5,5
106,无暇无双石礼包,材料,70,不限,6,6
107,普通神农草,材料,121,不限,1,1
108,温润神农草,材料,121,不限,1,1
109,三阶神农草,材料,121,不限,1,1
110,普通女娲石,材料,121,不限,2,2
111,玲珑女娲石,材料,121,不限,2,2
112,三阶女娲石,材料,121,不限,2,2
113,普通伏羲卦,材料,121,不限,3,3
114,开光伏羲卦,材料,121,不限,3,3
115,三阶伏羲卦,材料,121,不限,3,3
116,三皇灵魄,材料,121,不限,4,4
117,升级客户端,材料,1,不限,3,3
118,五色石,材料,30,不限,4,3
119,精铁(未激活),材料,30,不限,2,2
120,1档战士武器图鉴,材料,30,不限,1,1
121,2档战士武器图鉴,材料,30,不限,2,2
122,3档战士武器图鉴,材料,40,不限,3,3
123,4档战士武器图鉴,材料,60,不限,4,4
124,1档战士防具图鉴,材料,30,不限,1,1
125,2档战士防具图鉴,材料,30,不限,2,2
126,3档战士防具图鉴,材料,40,不限,3,3
127,4档战士防具图鉴,材料,60,不限,4,4
128,1档法师武器图鉴,材料,30,不限,1,1
129,2档法师武器图鉴,材料,30,不限,2,2
130,3档法师武器图鉴,材料,40,不限,3,3
131,4档法师武器图鉴,材料,60,不限,4,4
132,1档法师防具图鉴,材料,30,不限,1,1
133,2档法师防具图鉴,材料,30,不限,2,2
134,3档法师防具图鉴,材料,40,不限,3,3
135,4档法师防具图鉴,材料,60,不限,4,4
136,1档牧师武器图鉴,材料,30,不限,1,1
137,2档牧师武器图鉴,材料,30,不限,2,2
138,3档牧师武器图鉴,材料,40,不限,3,3
139,4档牧师武器图鉴,材料,60,不限,4,4
140,1档牧师防具图鉴,材料,30,不限,1,1
141,2档牧师防具图鉴,材料,30,不限,2,2
142,3档牧师防具图鉴,材料,40,不限,3,3
143,4档牧师防具图鉴,材料,60,不限,4,4
144,1档道士武器图鉴,材料,30,不限,1,1
145,2档道士武器图鉴,材料,30,不限,2,2
146,3档道士武器图鉴,材料,40,不限,3,3
147,4档道士武器图鉴,材料,60,不限,4,4
148,1档道士防具图鉴,材料,30,不限,1,1
149,2档道士防具图鉴,材料,30,不限,2,2
150,3档道士防具图鉴,材料,40,不限,3,3
151,4档道士防具图鉴,材料,60,不限,4,4
152,1档项链图鉴,材料,30,不限,1,1
153,2档项链图鉴,材料,30,不限,2,2
154,3档项链图鉴,材料,40,不限,3,3
155,4档项链图鉴,材料,60,不限,4,4
156,1档戒指图鉴,材料,30,不限,1,1
157,2档戒指图鉴,材料,30,不限,2,2
158,3档戒指图鉴,材料,40,不限,3,3
159,4档戒指图鉴,材料,60,不限,4,4
160,1档弓手武器图鉴,材料,30,不限,1,1
161,2档弓手武器图鉴,材料,30,不限,2,2
162,3档弓手武器图鉴,材料,40,不限,3,3
163,4档弓手武器图鉴,材料,60,不限,4,4
164,1档弓手防具图鉴,材料,30,不限,1,1
165,2档弓手防具图鉴,材料,30,不限,2,2
166,3档弓手防具图鉴,材料,40,不限,3,3
167,4档弓手防具图鉴,材料,60,不限,4,4
168,灵符·未激活,材料,121,不限,1,4
169,震慑,材料,60,战士,5,5
170,雷霆不息,材料,60,战士,5,5
171,神力,材料,60,战士,5,5
172,完美体魄,材料,60,战士,5,5
173,炎火陨石,材料,60,法师,5,5
174,冰封球,材料,60,法师,5,5
175,超强智力,材料,60,法师,5,5
176,大法师,材料,60,法师,5,5
177,祥光普照,材料,60,牧师,5,5
178,合掌断魂,材料,60,牧师,5,5
179,自然之心,材料,60,牧师,5,5
180,杀心,材料,60,牧师,5,5
181,魔王降世,材料,60,道士,5,5
182,极度狂乱,材料,60,道士,5,5
183,掌控者,材料,60,道士,5,5
184,邪法师,材料,60,道士,5,5
185,还魂丹,材料,1,不限,1,2
186,修炼丹,材料,45,不限,1,2
187,清心散,材料,1,不限,1,2
188,战神殿令牌,材料,1,不限,1,2
189,玫瑰花,材料,10,不限,2,2
190,金兰花,材料,10,不限,2,2
191,背包锦囊,材料,10,不限,1,3
192,仓库锦囊,材料,10,不限,1,3
193,一束玫瑰,材料,10,不限,2,2
194,一捧金兰,材料,10,不限,2,2
195,灵引(未激活),材料,75,不限,2,2
196,涅槃(未激活),材料,75,不限,4,4
197,五龙丹,材料,10,不限,1,2
198,突破丹,材料,10,不限,4,4
199,九黎壶,材料,75,不限,2,2
200,高级九黎壶,材料,75,不限,2,2
201,归元丹,材料,20,不限,2,2
202,引魂丹,材料,20,不限,3,3
203,紫龙晶,材料,80,不限,4,4
204,回魂丹,材料,20,不限,6,6
205,魂灵丹,材料,20,不限,2,2
206,玄灵精华,材料,20,不限,3,3
207,炼魂丹,材料,20,不限,3,3
208,洗炼石,材料,20,不限,3,3
209,血契修炼丹,材料,20,不限,3,3
210,血契突破丹,材料,20,不限,3,3
211,血契战吼,材料,20,不限,3,3
212,血契钢甲,材料,20,不限,3,3
213,血契抗法,材料,20,不限,3,3
214,血契培元,材料,20,不限,3,3
215,魔君降临,材料,20,不限,5,5
216,神之血统,材料,20,不限,5,5
217,冥光之盾,材料,20,不限,5,5
218,灵魂聚合,材料,20,不限,5,5
219,能量汲取,材料,20,不限,5,5
220,烈火流星,材料,20,不限,5,5
221,国宝之力,材料,20,不限,5,5
222,神龟之气,材料,20,不限,5,5
223,邪灵之佑,材料,20,不限,5,5
224,恶报之怨,材料,20,不限,5,5
225,吞噬天地,材料,20,不限,5,5
226,桀骜之心,材料,20,不限,5,5
227,春神之护,材料,20,不限,5,5
228,青州蝎魂珠,材料,20,不限,2,2
229,化骨虫魂珠,材料,40,不限,2,2
230,应龙魂珠,材料,60,不限,3,3
231,崩龙魂珠,材料,60,不限,3,3
232,暹逻猫魂珠,材料,20,不限,4,5
233,独角兽魂珠,材料,60,不限,4,4
234,碧火精金兽魂珠,材料,80,不限,3,3
235,双翅金乌魂珠,材料,60,不限,4,4
236,蓬莱星君魂珠,材料,80,不限,4,4
237,逢蒙魂珠,材料,80,不限,4,4
238,朱厌魂珠,材料,80,不限,3,3
239,狱魔魂珠,材料,80,不限,5,5
240,七星魔君魂珠,材料,60,不限,5,5
241,耀嘉魂珠,材料,80,不限,5,5
242,天尊魂珠,材料,80,不限,5,5
243,擎天神将魂珠,材料,60,不限,5,5
244,火麒麟魂珠,材料,100,不限,6,6
245,华夏熊猫魂珠,材料,100,不限,6,6
246,旋龟魂珠,材料,100,不限,6,6
247,玉冥皇魂珠,材料,40,不限,4,4
248,吉祥天魂珠,材料,40,不限,4,4
249,云中翅魂珠,材料,60,不限,4,4
250,招财小妖魂珠,材料,20,不限,2,2
251,红毛大宝魂珠,材料,20,不限,3,3
252,广寒雪兔魂珠,材料,60,不限,4,4
253,天灵魂珠,材料,80,不限,4,4
254,魅狐仙子魂珠,材料,80,不限,4,4
255,震天雷兽魂珠,材料,100,不限,4,4
256,云麓仙子魂珠,材料,100,不限,4,4
257,混沌魂珠,材料,115,不限,6,6
258,穷奇魂珠,材料,115,不限,6,6
259,饕餮魂珠,材料,115,不限,6,6
260,梼杌魂珠,材料,115,不限,6,6
261,句芒魂珠,材料,100,不限,6,6
262,首领魂珠,材料,80,不限,5,5
263,恶灵岩魔魂珠,材料,100,不限,4,4
264,观海巨蟹魂珠,材料,115,不限,4,4
265,乱世女邪魂珠,材料,115,不限,4,4
266,伏羲使者魂珠,材料,115,不限,4,4
267,115级紫色宠物魂珠,材料,115,不限,5,5
268,锦鲤福娃魂珠,材料,20,不限,2,2
269,暴烈岩蛇魂珠,材料,125,不限,4,4
270,噬魂骨音魂珠,材料,125,不限,4,4
271,三头蛊雕魂珠,材料,125,不限,4,4
272,劫七擎天神将,材料,60,不限,5,5
273,劫七七星魔君,材料,60,不限,5,5
274,普通轩辕令,材料,161,不限,4,4
275,天赐轩辕令,材料,161,不限,4,4
276,九锡晶元碎片,材料,80,不限,5,5
277,九幽之力碎片,材料,80,不限,6,6
278,碎石锤,材料,70,不限,4,4
279,盘古灵石,材料,121,不限,4,4
280,盘古圣石,材料,121,不限,5,5
281,盘古神石,材料,121,不限,6,6
282,南明离火,材料,121,不限,1,1
283,九幽玄火,材料,121,不限,2,2
284,红莲业火,材料,121,不限,3,3
285,紫薇天火,材料,121,不限,4,4
286,灵运石,材料,121,不限,3,3
287,升重石,材料,121,不限,3,3
288,温润圣元露,材料,121,不限,3,3
289,法宝突破丹,材料,121,不限,4,4
290,法宝升档石,材料,121,不限,5,5
291,仙引(未激活),材料,121,不限,2,2
292,神引(未激活),材料,121,不限,2,2
293,高级仙魂丹,材料,110,不限,4,4
294,顶级仙魂丹,材料,121,不限,5,5
295,高级玄灵精华,材料,20,不限,4,4
296,火神祝融魂珠,材料,189,不限,6,6
297,水神共工魂珠,材料,189,不限,6,6
298,土神后土魂珠,材料,189,不限,6,6
299,125级紫色宠物魂珠,材料,125,不限,5,5
300,五行归元丹,材料,175,不限,3,3
301,五行引魂丹,材料,175,不限,4,4
302,五行紫龙晶,材料,175,不限,5,5
303,五行回魂丹,材料,175,不限,6,6
304,五行炼魂丹,材料,175,不限,4,4
305,散灵丹,材料,20,不限,2,2
306,青丘女帝魂珠,材料,180,不限,7,7
307,豪华1档装备箱,道具,1,不限,4,3
308,豪华2档装备箱,道具,1,不限,4,3
309,豪华3档装备箱,道具,1,不限,4,3
310,豪华4档装备箱,道具,1,不限,4,3
311,3级宝石宝箱,道具,1,不限,4,2
312,4级宝石宝箱,道具,1,不限,4,2
313,5级宝石宝箱,道具,1,不限,4,3
314,6级宝石宝箱,道具,1,不限,4,3
315,7级宝石宝箱,道具,1,不限,4,4
316,8级宝石宝箱,道具,1,不限,4,4
317,9级宝石宝箱,道具,1,不限,4,5
318,10级宝石宝箱,道具,1,不限,4,5
319,11级宝石宝箱,道具,1,不限,4,6
320,12级宝石宝箱,道具,1,不限,4,6
321,签到宝箱,道具,1,不限,1,2
322,紫色1档装备箱,道具,1,不限,1,4
323,紫色2档装备箱,道具,1,不限,2,4
324,紫色3档装备箱,道具,1,不限,3,4
325,紫色4档装备箱,道具,1,不限,4,4
326,蓝色1档装备箱,道具,1,不限,1,3
327,蓝色2档装备箱,道具,1,不限,2,3
328,蓝色3档装备箱,道具,1,不限,3,3
329,蓝色4档装备箱,道具,1,不限,4,3
330,紫色1档武器箱,道具,1,不限,1,4
331,紫色2档武器箱,道具,1,不限,2,4
332,紫色3档武器箱,道具,1,不限,3,4
333,紫色4档武器箱,道具,1,不限,4,4
334,紫色1档护腕箱,道具,1,不限,1,4
335,紫色2档护腕箱,道具,1,不限,2,4
336,紫色3档护腕箱,道具,1,不限,3,4
337,紫色4档护腕箱,道具,1,不限,4,4
338,紫色1档戒指箱,道具,1,不限,1,4
339,紫色2档戒指箱,道具,1,不限,2,4
340,紫色3档戒指箱,道具,1,不限,3,4
341,紫色4档戒指箱,道具,1,不限,4,4
342,蓝色1档武器箱,道具,1,不限,1,3
343,蓝色2档武器箱,道具,1,不限,2,3
344,蓝色3档武器箱,道具,1,不限,3,3
345,蓝色4档武器箱,道具,1,不限,4,3
346,蓝色1档护腕箱,道具,1,不限,1,3
347,蓝色2档护腕箱,道具,1,不限,2,3
348,蓝色3档护腕箱,道具,1,不限,3,3
349,蓝色4档护腕箱,道具,1,不限,4,3
350,蓝色1档戒指箱,道具,1,不限,1,3
351,蓝色2档戒指箱,道具,1,不限,2,3
352,蓝色3档戒指箱,道具,1,不限,3,3
353,蓝色4档戒指箱,道具,1,不限,4,3
354,召唤第1名礼包,道具,1,不限,5,5
355,召唤第2名礼包,道具,1,不限,5,5
356,召唤第3名礼包,道具,1,不限,5,5
357,召唤第4名礼包,道具,1,不限,4,4
358,召唤第5名礼包,道具,1,不限,4,4
359,召唤第6名礼包,道具,1,不限,4,4
360,召唤第7名礼包,道具,1,不限,4,4
361,召唤第8名礼包,道具,1,不限,4,4
362,召唤第9名礼包,道具,1,不限,4,4
363,召唤第10名礼包,道具,1,不限,4,4
364,通灵玉,道具,1,不限,4,4
365,清神酒,道具,1,不限,4,4
366,五色谷,道具,1,不限,4,4
367,摄魂草,道具,1,不限,4,4
368,神仙鱼,道具,1,不限,4,4
369,红色宠物珠,道具,100,不限,6,6
370,英雄出山称号,道具,1,不限,4,4
371,赤诚之心称号,道具,1,不限,4,4
372,115红色魂珠自选包,道具,115,不限,6,6
373,75级经验丹礼包,道具,75,不限,5,5
374,80级经验丹礼包,道具,80,不限,5,5
375,85级经验丹礼包,道具,85,不限,5,5
376,90级经验丹礼包,道具,90,不限,5,5
377,95级经验丹礼包,道具,95,不限,5,5
378,100级经验丹礼包,道具,100,不限,5,5
379,红色魂珠自选包,道具,100,不限,6,6
380,百家争鸣宝盒,道具,1,不限,4,4
381,幻海探秘称号,道具,1,不限,6,6
382,祈蚕达人称号,道具,1,不限,4,4
383,山海经残页,道具,60,不限,4,4
384,土元素精魄,道具,60,不限,3,3
385,火元素精魄,道具,60,不限,3,3
386,水元素精魄,道具,60,不限,3,3
387,电元素精魄,道具,60,不限,3,3
388,暗元素精魄,道具,60,不限,3,3
389,山海经精魄（未激活）,道具,60,不限,3,3
390,墟玥·普通,道具,90,不限,5,5
391,墟玥·魔化,道具,120,不限,5,5
392,墟玥·惊魂,道具,120,不限,5,5
393,五档装备图鉴宝箱,道具,20,不限,5,5
394,六档装备图鉴宝箱,道具,20,不限,6,6
395,七档装备图鉴宝箱,道具,20,不限,6,6
396,八档装备图鉴宝箱,道具,20,不限,6,6
397,九档装备图鉴宝箱,道具,20,不限,6,6
398,无双石礼包,道具,20,不限,6,6
399,世界首领封印珠,道具,1,不限,7,6
400,聚宝怪封印珠,道具,1,不限,6,6
401,四海封印珠,道具,1,不限,5,5
402,八荒封印珠,道具,1,不限,4,4
403,混元晶礼包,道具,80,不限,2,2
404,兽神诀宝箱,道具,80,不限,4,4
405,镇灵尘礼包,道具,90,不限,2,2
406,洪荒十骑称号,道具,1,不限,4,4
407,良骑如云称号,道具,1,不限,5,5
408,兽神觉醒称号,道具,1,不限,6,6
409,绫罗绸缎称号,道具,1,不限,4,4
410,光彩照人称号,道具,1,不限,4,4
411,锦衣玉带称号,道具,1,不限,5,5
412,鲜衣怒马称号,道具,1,不限,5,5
413,盛装华服称号,道具,1,不限,6,6
414,史诗击退宝箱,道具,20,不限,6,6
415,完美击退宝箱,道具,20,不限,5,5
416,卓越击退宝箱,道具,20,不限,4,4
417,杰出击退宝箱,道具,20,不限,3,3
418,洪荒无双称号,道具,1,不限,6,6
419,氏族勇士称号,道具,1,不限,4,4
420,氏族精英称号,道具,1,不限,4,4
421,氏族英雄称号,道具,1,不限,4,4
422,先锋将军称号,道具,1,不限,5,5
423,列国大元帅称号,道具,1,不限,6,6
424,图腾传送令,道具,40,不限,1,2
425,威武门神碎片,道具,14,不限,4,4
426,共赴山海,道具,1,不限,5,5
427,鸿蒙归一,道具,1,不限,6,6
428,屠龙勇士,道具,1,不限,6,6
429,转职自选礼包,道具,1,不限,6,6
430,扶摇而上称号,道具,1,不限,4,4
431,太上洞真称号,道具,1,不限,5,5
432,窥破天机称号,道具,1,不限,6,6
433,烈火雄心,道具,60,不限,1,4
434,史诗神石宝箱,道具,20,不限,5,5
435,完美神石宝箱,道具,20,不限,4,4
436,卓越神石宝箱,道具,20,不限,4,4
437,杰出神石宝箱,道具,20,不限,3,3
438,虎符,道具,60,不限,4,4
439,九锡碎片宝箱,道具,80,不限,5,5
440,九幽碎片宝箱,道具,80,不限,6,6
441,五色石礼包,道具,1,不限,3,3
442,穿云箭宝箱,道具,40,不限,1,2
443,百锻宝箱·坚甲5,道具,30,不限,4,4
444,百锻宝箱·坚甲6,道具,30,不限,4,4
445,百锻宝箱·坚甲7,道具,30,不限,4,4
446,百锻宝箱·坚甲8,道具,30,不限,4,4
447,百锻宝箱·坚甲9,道具,30,不限,4,4
448,百锻宝箱·坚甲10,道具,30,不限,4,4
449,百锻宝箱·坚甲11,道具,30,不限,4,4
450,百锻宝箱·冥盾5,道具,30,不限,4,4
451,百锻宝箱·冥盾6,道具,30,不限,4,4
452,百锻宝箱·冥盾7,道具,30,不限,4,4
453,百锻宝箱·冥盾8,道具,30,不限,4,4
454,百锻宝箱·冥盾9,道具,30,不限,4,4
455,百锻宝箱·冥盾10,道具,30,不限,4,4
456,百锻宝箱·冥盾11,道具,30,不限,4,4
457,百锻宝箱·固本5,道具,30,不限,4,4
458,百锻宝箱·固本6,道具,30,不限,4,4
459,百锻宝箱·固本7,道具,30,不限,4,4
460,百锻宝箱·固本8,道具,30,不限,4,4
461,百锻宝箱·固本9,道具,30,不限,4,4
462,百锻宝箱·固本10,道具,30,不限,4,4
463,百锻宝箱·固本11,道具,30,不限,4,4
464,三尾灵狐碎片,道具,1,不限,5,5
465,精良强效技能宝箱,道具,1,不限,4,4
466,豪华强效技能宝箱,道具,1,不限,4,4
467,1档魂装图鉴宝箱,道具,1,不限,4,3
468,2档魂装图鉴宝箱,道具,1,不限,4,3
469,3档魂装图鉴宝箱,道具,1,不限,4,3
470,4档魂装图鉴宝箱,道具,1,不限,4,3
471,5档魂装图鉴宝箱,道具,1,不限,4,3
472,木本元灵称号,道具,1,不限,6,6
473,圣石玄灵称号,道具,1,不限,6,6
474,九章术灵称号,道具,1,不限,6,6
475,天工开物称号,道具,1,不限,6,6
476,武器图鉴宝箱,道具,1,不限,6,6
477,乾坤袋,道具,1,不限,4,4
478,镇灵符,道具,1,不限,4,4
479,破邪咒,道具,1,不限,4,4
480,伏魔圈,道具,1,不限,4,4
481,金刚杵,道具,1,不限,4,4
482,斩妖剑,道具,1,不限,4,4
483,如意图鉴箱,道具,1,不限,6,6
484,13级宝石宝箱,道具,1,不限,6,6
485,14级宝石宝箱,道具,1,不限,6,6
486,15级宝石宝箱,道具,1,不限,6,6
487,华夏定制棒球衫兑换券,道具,1,不限,6,6
488,装备打造宝箱,道具,1,不限,4,4
489,宠物强化宝箱,道具,1,不限,4,4
490,坐骑强化宝箱,道具,1,不限,4,4
491,第一战士称号,道具,1,不限,6,6
492,第一法师称号,道具,1,不限,6,6
493,第一牧师称号,道具,1,不限,6,6
494,第一道士称号,道具,1,不限,6,6
495,第一弓手称号,道具,1,不限,6,6
496,红品魂珠随机礼包,道具,1,不限,6,6
497,蚕丝锦囊,道具,1,不限,5,5
498,银丝锦囊,道具,1,不限,5,5
499,金丝锦囊,道具,1,不限,5,5
500,神秘锦囊,道具,1,不限,5,5
501,BOSS封印珠,道具,1,不限,5,5
502,11%百锻宝匣,道具,1,不限,6,6
503,1档魂武宝盒,道具,1,不限,5,5
504,睥睨风云,道具,1,不限,6,6
505,叱咤天下,道具,1,不限,6,6
506,名扬四海,道具,1,不限,6,6
507,声名鹊起,道具,1,不限,6,6
508,锋芒毕露,道具,1,不限,6,6
509,百锻锤,道具,1,不限,4,4
510,豪华传音,道具,1,不限,5,5
511,山海秘卡箱,道具,1,不限,5,5
512,山海宝卡箱,道具,1,不限,6,6
513,百5头盔宝箱,道具,90,不限,4,4
514,百5腰带宝箱,道具,90,不限,4,4
515,百5披风宝箱,道具,90,不限,4,4
516,百5衣服宝箱,道具,90,不限,4,4
517,百5护腿宝箱,道具,90,不限,4,4
518,百5鞋子宝箱,道具,90,不限,4,4
519,百5项链宝箱,道具,90,不限,4,4
520,10档图鉴宝箱,道具,160,不限,5,5
521,11档图鉴宝箱,道具,180,不限,5,5
522,12档图鉴宝箱,道具,200,不限,5,5
523,13档图鉴宝箱,道具,210,不限,5,5
524,鸿蒙图灵魄,法宝,110,不限,7,7
525,两仪砚灵魄,法宝,110,不限,7,7
526,玉净瓶碎片,法宝,220,不限,5,5
527,橙法宝绑定两片包,法宝,110,不限,5,5
528,红法宝碎片包(20),法宝,110,不限,6,6
529,橙法宝碎片包(10）,法宝,110,不限,5,5
530,红法宝碎片包(30),法宝,110,不限,6,6
531,仙引·青龙,法宝材料,121,不限,2,2
532,仙引·白虎,法宝材料,121,不限,2,2
533,仙引·朱雀,法宝材料,121,不限,2,2
534,仙引·玄武,法宝材料,121,不限,2,2
535,神引·青龙,法宝材料,121,不限,2,2
536,神引·白虎,法宝材料,121,不限,2,2
537,神引·朱雀,法宝材料,121,不限,2,2
538,神引·玄武,法宝材料,121,不限,2,2
539,百锻钢·未吸附,符石,30,不限,4,4
540,百锻钢·宁心,符石,30,不限,4,4
541,百锻钢·慧心,符石,30,不限,4,4
542,百锻钢·圣洁,符石,30,不限,4,4
543,百锻钢·矫健,符石,30,不限,4,4
544,百锻钢·愤怒,符石,30,不限,4,4
545,百锻钢·小壮,符石,30,不限,4,4
546,百锻钢·大壮,符石,30,不限,4,4
547,百锻钢·烈焰,符石,30,不限,4,4
548,百锻钢·寒冰,符石,30,不限,4,4
549,百锻钢·天雷,符石,30,不限,4,4
550,百锻钢·至暗,符石,30,不限,4,4
551,百锻钢·灵咒,符石,30,不限,4,4
552,百锻钢·铁甲,符石,30,不限,4,4
553,百锻钢·护盾,符石,30,不限,4,4
554,百锻钢·培元,符石,30,不限,4,4
555,百锻钢·致命,符石,30,不限,4,4
556,百锻钢·法暴,符石,30,不限,4,4
557,百锻钢·精准,符石,30,不限,4,4
558,百锻钢·迅敏,符石,30,不限,4,4
559,百锻钢·狂怒,符石,30,不限,4,4
560,百锻钢·灵光,符石,30,不限,4,4
561,百锻钢·坚甲,符石,30,不限,4,4
562,百锻钢·冥盾,符石,30,不限,4,4
563,百锻钢·固本,符石,30,不限,4,4
564,百锻钢·小威,符石,30,不限,4,4
565,百锻钢·大威,符石,30,不限,4,4
566,百锻钢·青木,符石,30,不限,4,4
567,百锻钢·金坚,符石,30,不限,4,4
568,灵签·驭魂,功能道具,1,不限,6,6
569,火正草,功能道具,110,不限,2,3
570,鹏翼花,功能道具,110,不限,2,3
571,灵香草,功能道具,110,不限,2,3
572,八角枫,功能道具,110,不限,2,3
573,苍羚草,功能道具,110,不限,2,3
574,凤眼果,功能道具,110,不限,2,3
575,鬼箭羽,功能道具,110,不限,2,3
576,灵蟾花,功能道具,110,不限,2,3
577,赤烟晶,功能道具,110,不限,2,3
578,丹辰砂,功能道具,110,不限,2,3
579,枫纹玉,功能道具,110,不限,2,3
580,夔神岩,功能道具,110,不限,2,3
581,紫石英,功能道具,110,不限,2,3
582,金天釉玉,功能道具,110,不限,2,3
583,流光玉,功能道具,110,不限,2,3
584,月芒石,功能道具,110,不限,2,3
585,祈灵天珠,功能道具,100,不限,2,4
586,固本清心散,功能道具,110,不限,2,4
587,拂风玉阳膏,功能道具,110,不限,2,4
588,活经通络散,功能道具,110,不限,2,4
589,赤水玄炎丹,功能道具,110,不限,2,4
590,灵夔恸天丸,功能道具,110,不限,2,4
591,幽玄蚀日丸,功能道具,110,不限,2,4
592,金凤灼野丹,功能道具,110,不限,2,4
593,万木风华汤,功能道具,110,不限,2,4
594,定心一隐,功能道具,100,不限,2,4
595,灵光一闪,功能道具,110,不限,2,4
596,孤注一掷,功能道具,110,不限,2,4
597,英招之纹,功能道具,110,不限,2,4
598,冰夷之甲,功能道具,110,不限,2,4
599,华胥之御,功能道具,110,不限,2,4
600,羲和之护,功能道具,110,不限,2,4
601,姑射之衣,功能道具,110,不限,2,4
602,低品雪上蒿,功能道具,100,不限,1,1
603,低品绣线菊,功能道具,100,不限,1,1
604,低品草乌叶,功能道具,100,不限,1,1
605,低品千两金,功能道具,100,不限,1,1
606,低品青木香,功能道具,100,不限,1,1
607,低品红坪菌,功能道具,100,不限,1,1
608,低品暮雨花,功能道具,100,不限,1,1
609,低品风摧木,功能道具,100,不限,1,1
610,低品望仙草,功能道具,100,不限,1,1
611,低品光叶兰,功能道具,100,不限,1,1
612,低品透骨草,功能道具,100,不限,1,1
613,低品火正草,功能道具,110,不限,1,1
614,低品鹏翼花,功能道具,110,不限,1,1
615,低品灵香草,功能道具,110,不限,1,1
616,低品八角枫,功能道具,110,不限,1,1
617,低品苍羚草,功能道具,110,不限,1,1
618,低品凤眼果,功能道具,110,不限,1,1
619,低品鬼箭羽,功能道具,110,不限,1,1
620,低品灵蟾花,功能道具,110,不限,1,1
621,低品剑灵砂,功能道具,100,不限,1,1
622,低品雷鸣晶,功能道具,100,不限,1,1
623,低品绯水玉,功能道具,100,不限,1,1
624,低品珍珠岩,功能道具,100,不限,1,1
625,低品萤石,功能道具,100,不限,1,1
626,低品防风石,功能道具,100,不限,1,1
627,低品龙伯玉,功能道具,100,不限,1,1
628,低品碧芒晶,功能道具,100,不限,1,1
629,低品石英砂,功能道具,100,不限,1,1
630,低品昆岗玉,功能道具,100,不限,1,1
631,低品凤鸣石,功能道具,100,不限,1,1
632,低品赤烟晶,功能道具,110,不限,1,1
633,低品丹辰砂,功能道具,110,不限,1,1
634,低品枫纹玉,功能道具,110,不限,1,1
635,低品夔神岩,功能道具,110,不限,1,1
636,低品紫石英,功能道具,110,不限,1,1
637,低品金天釉玉,功能道具,110,不限,1,1
638,低品流光玉,功能道具,110,不限,1,1
639,低品月芒石,功能道具,110,不限,1,1
640,粗制坎离丸,功能道具,100,不限,1,1
641,粗制春雷散,功能道具,100,不限,1,1
642,粗制玄渊丸,功能道具,100,不限,1,1
643,粗制凝玉散,功能道具,100,不限,1,1
644,粗制摘叶丸,功能道具,100,不限,1,1
645,粗制生肌散,功能道具,100,不限,1,1
646,粗制逐风汤,功能道具,100,不限,1,1
647,粗制石肤散,功能道具,100,不限,1,1
648,粗制通犀散,功能道具,100,不限,1,1
649,粗制炎润金丹,功能道具,100,不限,1,1
650,粗制巽雷灵露,功能道具,100,不限,1,1
651,粗制玄冥灵丹,功能道具,100,不限,1,1
652,粗制流光玉露,功能道具,100,不限,1,1
653,粗制飞花灵丹,功能道具,100,不限,1,1
654,粗制活血苏生膏,功能道具,110,不限,1,1
655,粗制固本清心散,功能道具,110,不限,1,1
656,粗制拂风玉阳膏,功能道具,110,不限,1,1
657,粗制活经通络散,功能道具,110,不限,1,1
658,粗制赤水玄炎丹,功能道具,110,不限,1,1
659,粗制灵夔恸天丸,功能道具,110,不限,1,1
660,粗制幽玄蚀日丸,功能道具,110,不限,1,1
661,粗制金凤灼野丹,功能道具,110,不限,1,1
662,粗制万木风华汤,功能道具,110,不限,1,1
663,草绘冰焱甲,功能道具,100,不限,1,1
664,草绘天雷御,功能道具,100,不限,1,1
665,草绘破晦,功能道具,100,不限,1,1
666,草绘无锋,功能道具,100,不限,1,1
667,草绘斩草,功能道具,100,不限,1,1
668,草绘封喉,功能道具,100,不限,1,1
669,草绘浮波,功能道具,100,不限,1,1
670,草绘乱流,功能道具,100,不限,1,1
671,草绘乱战,功能道具,100,不限,1,1
672,草绘藏锋之甲,功能道具,100,不限,1,1
673,草绘玄炎之盾,功能道具,100,不限,1,1
674,草绘奔雷之御,功能道具,100,不限,1,1
675,草绘黯灭之灼,功能道具,100,不限,1,1
676,草绘落木之伤,功能道具,100,不限,1,1
677,草绘凝神一击,功能道具,100,不限,1,1
678,草绘定心一隐,功能道具,100,不限,1,1
679,草绘灵光一闪,功能道具,110,不限,1,1
680,草绘孤注一掷,功能道具,110,不限,1,1
681,草绘英招之纹,功能道具,110,不限,1,1
682,草绘冰夷之甲,功能道具,110,不限,1,1
683,草绘华胥之御,功能道具,110,不限,1,1
684,草绘羲和之护,功能道具,110,不限,1,1
685,草绘姑射之衣,功能道具,110,不限,1,1
686,药方：炎润金丹,功能道具,100,不限,2,3
687,药方：巽雷灵露,功能道具,100,不限,2,3
688,药方：玄冥灵丹,功能道具,100,不限,2,3
689,药方：流光玉露,功能道具,100,不限,2,3
690,药方：飞花灵丹,功能道具,100,不限,2,3
691,玉泉仙露,功能道具,40,不限,1,2
692,三花仙露,功能道具,60,不限,2,2
693,九转仙露,功能道具,80,不限,3,3
694,秘药:暴怒,功能道具,20,不限,3,2
695,秘药:镇痛,功能道具,20,不限,3,2
696,秘药:强命,功能道具,20,不限,3,2
697,风雷令,功能道具,40,不限,1,2
698,勇士令,功能道具,30,不限,2,2
699,英雄令,功能道具,30,不限,3,3
700,豪杰令,功能道具,30,不限,4,4
701,霸主令,功能道具,30,不限,5,5
702,灵签·延年,功能道具,1,不限,4,4
703,灵签·长生,功能道具,1,不限,5,5
704,灵签·血刃,功能道具,1,不限,4,4
705,灵签·天兵,功能道具,1,不限,5,5
706,灵签·铁骨,功能道具,1,不限,4,4
707,灵签·金刚,功能道具,1,不限,5,5
708,灵签·乖张,功能道具,1,不限,4,4
709,灵签·狂暴,功能道具,1,不限,5,5
710,灵签·灵巧,功能道具,1,不限,4,4
711,灵签·无影,功能道具,1,不限,5,5
712,灵签·赦免,功能道具,1,不限,6,6
713,灵签·山灵,功能道具,1,不限,4,4
714,灵签·海魅,功能道具,1,不限,6,6
715,雪上蒿,功能道具,100,不限,2,2
716,绣线菊,功能道具,100,不限,2,2
717,草乌叶,功能道具,100,不限,2,2
718,千两金,功能道具,100,不限,2,2
719,青木香,功能道具,100,不限,2,2
720,红坪菌,功能道具,100,不限,2,2
721,暮雨花,功能道具,100,不限,2,2
722,风摧木,功能道具,100,不限,2,2
723,望仙草,功能道具,100,不限,2,2
724,光叶兰,功能道具,100,不限,2,2
725,透骨草,功能道具,100,不限,2,2
726,剑灵砂,功能道具,100,不限,2,2
727,雷鸣晶,功能道具,100,不限,2,2
728,绯水玉,功能道具,100,不限,2,2
729,珍珠岩,功能道具,100,不限,2,2
730,萤石,功能道具,100,不限,2,2
731,防风石,功能道具,100,不限,2,2
732,龙伯玉,功能道具,100,不限,2,2
733,碧芒晶,功能道具,100,不限,2,2
734,石英砂,功能道具,100,不限,2,2
735,昆岗玉,功能道具,100,不限,2,2
736,凤鸣石,功能道具,100,不限,2,2
737,坎离丸,功能道具,100,不限,2,2
738,春雷散,功能道具,100,不限,2,2
739,玄渊丸,功能道具,100,不限,2,2
740,凝玉散,功能道具,100,不限,2,2
741,摘叶丸,功能道具,100,不限,2,2
742,生肌散,功能道具,100,不限,2,2
743,逐风汤,功能道具,100,不限,2,3
744,石肤散,功能道具,100,不限,2,3
745,通犀散,功能道具,100,不限,2,3
746,炎润金丹,功能道具,100,不限,2,3
747,巽雷灵露,功能道具,100,不限,2,3
748,玄冥灵丹,功能道具,100,不限,2,3
749,流光玉露,功能道具,100,不限,2,3
750,飞花灵丹,功能道具,100,不限,2,3
751,活血苏生膏,功能道具,110,不限,2,3
752,冰焱甲,功能道具,100,不限,2,2
753,天雷御,功能道具,100,不限,2,2
754,破晦,功能道具,100,不限,2,2
755,无锋,功能道具,100,不限,2,2
756,斩草,功能道具,100,不限,2,2
757,封喉,功能道具,100,不限,2,2
758,浮波,功能道具,100,不限,2,3
759,乱流,功能道具,100,不限,2,3
760,乱战,功能道具,100,不限,2,3
761,藏锋之甲,功能道具,100,不限,2,3
762,玄炎之盾,功能道具,100,不限,2,3
763,奔雷之御,功能道具,100,不限,2,3
764,黯灭之灼,功能道具,100,不限,2,3
765,落木之伤,功能道具,100,不限,2,3
766,凝神一击,功能道具,100,不限,2,3
767,霸石的碎片,功能道具,221,不限,5,5
768,霸者的结晶,功能道具,221,不限,5,5
769,梦魅,普通装备,227,不限,13,1
770,凝心,普通装备,238,不限,13,1
771,熔火破魔盔,普通装备,225,战士,13,1
772,熔火破魔腰带,普通装备,234,战士,13,1
773,熔火破魔披风,普通装备,223,战士,13,1
774,熔火破魔铠,普通装备,221,战士,13,1
775,熔火破魔护腿,普通装备,232,战士,13,1
776,熔火破魔靴,普通装备,236,战士,13,1
777,熔火破魔护腕,普通装备,230,战士,13,1
778,除魔,普通装备,220,战士,13,1
779,辟邪,普通装备,220,战士,13,1
780,破煞,普通装备,220,战士,13,1
781,月华流光冠,普通装备,225,法师,13,1
782,月华流光腰带,普通装备,234,法师,13,1
783,月华流光披风,普通装备,223,法师,13,1
784,月华流光袍,普通装备,221,法师,13,1
785,月华流光护腿,普通装备,232,法师,13,1
786,月华流光鞋,普通装备,236,法师,13,1
787,月华流光护腕,普通装备,230,法师,13,1
788,幽羽,普通装备,220,法师,13,1
789,彼岸,普通装备,220,牧师,13,1
790,紫羽翼魔帽,普通装备,225,牧师,13,1
791,紫羽翼魔腰带,普通装备,234,牧师,13,1
792,紫羽翼魔披风,普通装备,223,牧师,13,1
793,紫羽翼魔衫,普通装备,221,牧师,13,1
794,紫羽翼魔护腿,普通装备,232,牧师,13,1
795,紫羽翼魔鞋,普通装备,236,牧师,13,1
796,紫羽翼魔护腕,普通装备,230,牧师,13,1
797,惊魂,普通装备,220,道士,13,1
798,绯羽刃牙帽,普通装备,225,道士,13,1
799,绯羽刃牙腰带,普通装备,234,道士,13,1
800,绯羽刃牙披风,普通装备,223,道士,13,1
801,绯羽刃牙衣,普通装备,221,道士,13,1
802,绯羽刃牙护腿,普通装备,232,道士,13,1
803,绯羽刃牙鞋,普通装备,236,道士,13,1
804,绯羽刃牙护腕,普通装备,230,道士,13,1
805,追虹,普通装备,220,弓手,13,1
806,鸣枭腾云盔,普通装备,225,弓手,13,1
807,鸣枭腾云腰带,普通装备,234,弓手,13,1
808,鸣枭腾云披风,普通装备,223,弓手,13,1
809,鸣枭腾云铠,普通装备,221,弓手,13,1
810,鸣枭腾云护腿,普通装备,232,弓手,13,1
811,鸣枭腾云靴,普通装备,236,弓手,13,1
812,鸣枭腾云护腕,普通装备,230,弓手,13,1
813,百结护腕,普通装备,9,道士,1,1
814,百结鞋,普通装备,15,道士,1,1
815,百结护腿,普通装备,11,道士,1,1
816,百结衣,普通装备,1,道士,1,1
817,百结披风,普通装备,3,道士,1,1
818,百结腰带,普通装备,13,道士,1,1
819,百结帽,普通装备,5,道士,1,1
820,双锋剑,普通装备,1,道士,1,1
821,翠羽护腕,普通装备,9,牧师,1,1
822,翠羽鞋,普通装备,15,牧师,1,1
823,翠羽护腿,普通装备,11,牧师,1,1
824,翠羽衫,普通装备,1,牧师,1,1
825,翠羽披风,普通装备,3,牧师,1,1
826,翠羽腰带,普通装备,13,牧师,1,1
827,翠羽帽,普通装备,5,牧师,1,1
828,悬铁锤,普通装备,1,牧师,1,1
829,拂柳杖,普通装备,1,法师,1,1
830,海丝护腕,普通装备,9,法师,1,1
831,海丝鞋,普通装备,15,法师,1,1
832,海丝护腿,普通装备,11,法师,1,1
833,海丝袍,普通装备,1,法师,1,1
834,海丝披风,普通装备,3,法师,1,1
835,海丝腰带,普通装备,13,法师,1,1
836,海丝冠,普通装备,5,法师,1,1
837,分金斧,普通装备,1,战士,1,1
838,枯藤盾,普通装备,1,战士,1,1
839,紫铜刀,普通装备,1,战士,1,1
840,异兽护腕,普通装备,9,战士,1,1
841,异兽靴,普通装备,15,战士,1,1
842,异兽护腿,普通装备,11,战士,1,1
843,异兽铠,普通装备,1,战士,1,1
844,异兽披风,普通装备,3,战士,1,1
845,异兽腰带,普通装备,13,战士,1,1
846,异兽盔,普通装备,5,战士,1,1
847,乌木指环,普通装备,17,不限,1,1
848,极·月牙突,普通装备,1,道士,2,6
849,极·双翼锤,普通装备,1,牧师,2,6
850,极·奇楠杖,普通装备,1,法师,2,6
851,极·饮血斧,普通装备,1,战士,2,6
852,骨饰,普通装备,7,不限,1,1
853,黑木弓,普通装备,1,弓手,1,1
854,软皮盔,普通装备,5,弓手,1,1
855,软皮腰带,普通装备,13,弓手,1,1
856,软皮披风,普通装备,3,弓手,1,1
857,软皮铠,普通装备,1,弓手,1,1
858,软皮护腿,普通装备,11,弓手,1,1
859,软皮靴,普通装备,15,弓手,1,1
860,软皮护腕,普通装备,9,弓手,1,1
861,玄铁盔,普通装备,35,战士,2,1
862,仙金盔,普通装备,55,战士,3,1
863,孤星战月盔,普通装备,75,战士,4,1
864,战神蚀日盔,普通装备,95,战士,5,1
865,皇极神武盔,普通装备,111,战士,6,1
866,曜日临天盔,普通装备,115,战士,7,1
867,六阳金刚盔,普通装备,118,战士,8,1
868,追月流星盔,普通装备,133,战士,9,1
869,启明光辉盔,普通装备,165,战士,10,1
870,惊天五蕴盔,普通装备,205,战士,12,1
871,玄铁腰带,普通装备,43,战士,2,1
872,仙金腰带,普通装备,63,战士,3,1
873,孤星战月腰带,普通装备,83,战士,4,1
874,战神蚀日腰带,普通装备,103,战士,5,1
875,皇极神武腰带,普通装备,112,战士,6,1
876,曜日临天腰带,普通装备,116,战士,7,1
877,六阳金刚腰带,普通装备,120,战士,8,1
878,追月流星腰带,普通装备,149,战士,9,1
879,启明光辉腰带,普通装备,174,战士,10,1
880,拈珠项链,普通装备,37,不限,2,1
881,五蕴项链,普通装备,57,不限,3,1
882,神弦,普通装备,77,不限,4,1
883,无涯,普通装备,97,不限,5,1
884,龙吟,普通装备,111,不限,6,1
885,曦和,普通装备,115,不限,7,1
886,雾象,普通装备,119,不限,8,1
887,霓裳,普通装备,137,不限,9,1
888,相月,普通装备,167,不限,10,1
889,空蝉,普通装备,207,不限,12,1
890,暗香指环,普通装备,47,不限,2,1
891,遥月指环,普通装备,67,不限,3,1
892,隐戒,普通装备,87,不限,4,1
893,六芒,普通装备,107,不限,5,1
894,震魂,普通装备,113,不限,6,1
895,望舒,普通装备,117,不限,7,1
896,云朦,普通装备,120,不限,8,1
897,脱尘,普通装备,157,不限,9,1
898,拜星,普通装备,178,不限,10,1
899,惊天五蕴腰带,普通装备,214,战士,12,1
900,玄铁披风,普通装备,33,战士,2,1
901,仙金披风,普通装备,53,战士,3,1
902,孤星战月披风,普通装备,73,战士,4,1
903,战神蚀日披风,普通装备,93,战士,5,1
904,皇极神武披风,普通装备,110,战士,6,1
905,曜日临天披风,普通装备,114,战士,7,1
906,六阳金刚披风,普通装备,118,战士,8,1
907,追月流星披风,普通装备,129,战士,9,1
908,启明光辉披风,普通装备,163,战士,10,1
909,惊天五蕴披风,普通装备,203,战士,12,1
910,玄铁铠,普通装备,31,战士,2,1
911,仙金铠,普通装备,51,战士,3,1
912,孤星战月铠,普通装备,71,战士,4,1
913,战神蚀日铠,普通装备,91,战士,5,1
914,皇极神武铠,普通装备,110,战士,6,1
915,曜日临天铠,普通装备,114,战士,7,1
916,六阳金刚铠,普通装备,118,战士,8,1
917,追月流星铠,普通装备,125,战士,9,1
918,启明光辉铠,普通装备,161,战士,10,1
919,惊天五蕴铠,普通装备,201,战士,12,1
920,玄铁护腿,普通装备,41,战士,2,1
921,仙金护腿,普通装备,61,战士,3,1
922,孤星战月护腿,普通装备,81,战士,4,1
923,战神蚀日护腿,普通装备,101,战士,5,1
924,皇极神武护腿,普通装备,112,战士,6,1
925,曜日临天护腿,普通装备,116,战士,7,1
926,六阳金刚护腿,普通装备,119,战士,8,1
927,追月流星护腿,普通装备,145,战士,9,1
928,启明光辉护腿,普通装备,172,战士,10,1
929,惊天五蕴护腿,普通装备,212,战士,12,1
930,玄铁靴,普通装备,45,战士,2,1
931,仙金靴,普通装备,65,战士,3,1
932,孤星战月靴,普通装备,85,战士,4,1
933,战神蚀日靴,普通装备,105,战士,5,1
934,皇极神武靴,普通装备,113,战士,6,1
935,曜日临天靴,普通装备,117,战士,7,1
936,六阳金刚靴,普通装备,120,战士,8,1
937,追月流星靴,普通装备,153,战士,9,1
938,启明光辉靴,普通装备,176,战士,10,1
939,惊天五蕴靴,普通装备,216,战士,12,1
940,玄铁护腕,普通装备,39,战士,2,1
941,仙金护腕,普通装备,59,战士,3,1
942,孤星战月护腕,普通装备,79,战士,4,1
943,战神蚀日护腕,普通装备,99,战士,5,1
944,皇极神武护腕,普通装备,112,战士,6,1
945,曜日临天护腕,普通装备,116,战士,7,1
946,六阳金刚护腕,普通装备,119,战士,8,1
947,追月流星护腕,普通装备,141,战士,9,1
948,启明光辉护腕,普通装备,170,战士,10,1
949,惊天五蕴护腕,普通装备,210,战士,12,1
950,突刺,普通装备,30,战士,2,1
951,古意,普通装备,50,战士,3,1
952,掩月,普通装备,70,战士,4,1
953,破军,普通装备,90,战士,5,1
954,神陨,普通装备,110,战士,6,1
955,魁斩,普通装备,114,战士,7,1
956,慑日,普通装备,118,战士,8,1
957,焚寂,普通装备,121,战士,9,1
958,秋霁,普通装备,160,战士,10,1
959,断日,普通装备,200,战士,12,1
960,阎罗八荒腰带,普通装备,214,法师,12,1
961,银月盾,普通装备,30,战士,2,1
962,聚炎,普通装备,50,战士,3,1
963,七星,普通装备,70,战士,4,1
964,八荒,普通装备,110,战士,6,1
965,百辟,普通装备,114,战士,7,1
966,千韧,普通装备,118,战士,8,1
967,真灵,普通装备,121,战士,9,1
968,垂阳,普通装备,160,战士,10,1
969,雾灵,普通装备,200,战士,12,1
970,饮血斧,普通装备,30,战士,2,1
971,撼天,普通装备,110,战士,6,1
972,轰雷,普通装备,114,战士,7,1
973,开天,普通装备,118,战士,8,1
974,惊神,普通装备,121,战士,9,1
975,鸣梭,普通装备,160,战士,10,1
976,冲霄,普通装备,200,战士,12,1
977,夜鸟飞鸣腰带,普通装备,174,法师,10,1
978,玉涎冠,普通装备,35,法师,2,1
979,紫凰盘魂帽,普通装备,205,牧师,12,1
980,紫凰盘魂披风,普通装备,203,牧师,12,1
981,天元归一护腿,普通装备,119,牧师,8,1
982,炫元冠,普通装备,55,法师,3,1
983,三命同归冠,普通装备,75,法师,4,1
984,九重寒冰冠,普通装备,95,法师,5,1
985,圣玄天罡冠,普通装备,111,法师,6,1
986,云华仙尊冠,普通装备,115,法师,7,1
987,紫气玄光冠,普通装备,118,法师,8,1
988,凤凌长空冠,普通装备,133,法师,9,1
989,夜鸟飞鸣冠,普通装备,165,法师,10,1
990,阎罗八荒冠,普通装备,205,法师,12,1
991,玉涎腰带,普通装备,43,法师,2,1
992,炫元腰带,普通装备,63,法师,3,1
993,三命同归腰带,普通装备,83,法师,4,1
994,九重寒冰腰带,普通装备,103,法师,5,1
995,圣玄天罡腰带,普通装备,112,法师,6,1
996,云华仙尊腰带,普通装备,116,法师,7,1
997,紫气玄光腰带,普通装备,120,法师,8,1
998,凤凌长空腰带,普通装备,149,法师,9,1
999,玉涎披风,普通装备,33,法师,2,1
1000,炫元披风,普通装备,53,法师,3,1
1001,三命同归披风,普通装备,73,法师,4,1
1002,九重寒冰披风,普通装备,93,法师,5,1
1003,圣玄天罡披风,普通装备,110,法师,6,1
1004,云华仙尊披风,普通装备,114,法师,7,1
1005,紫气玄光披风,普通装备,118,法师,8,1
1006,凤凌长空披风,普通装备,129,法师,9,1
1007,夜鸟飞鸣披风,普通装备,163,法师,10,1
1008,阎罗八荒披风,普通装备,203,法师,12,1
1009,玉涎袍,普通装备,31,法师,2,1
1010,炫元袍,普通装备,51,法师,3,1
1011,三命同归袍,普通装备,71,法师,4,1
1012,九重寒冰袍,普通装备,91,法师,5,1
1013,圣玄天罡袍,普通装备,110,法师,6,1
1014,云华仙尊袍,普通装备,114,法师,7,1
1015,紫气玄光袍,普通装备,118,法师,8,1
1016,凤凌长空袍,普通装备,125,法师,9,1
1017,夜鸟飞鸣袍,普通装备,161,法师,10,1
1018,阎罗八荒袍,普通装备,201,法师,12,1
1019,玉涎护腿,普通装备,41,法师,2,1
1020,炫元护腿,普通装备,61,法师,3,1
1021,三命同归护腿,普通装备,81,法师,4,1
1022,九重寒冰护腿,普通装备,101,法师,5,1
1023,圣玄天罡护腿,普通装备,112,法师,6,1
1024,云华仙尊护腿,普通装备,116,法师,7,1
1025,紫气玄光护腿,普通装备,119,法师,8,1
1026,凤凌长空护腿,普通装备,145,法师,9,1
1027,夜鸟飞鸣护腿,普通装备,172,法师,10,1
1028,阎罗八荒护腿,普通装备,212,法师,12,1
1029,玉涎鞋,普通装备,45,法师,2,1
1030,炫元鞋,普通装备,65,法师,3,1
1031,三命同归鞋,普通装备,85,法师,4,1
1032,九重寒冰鞋,普通装备,105,法师,5,1
1033,圣玄天罡鞋,普通装备,113,法师,6,1
1034,云华仙尊鞋,普通装备,117,法师,7,1
1035,紫气玄光鞋,普通装备,120,法师,8,1
1036,凤凌长空鞋,普通装备,153,法师,9,1
1037,夜鸟飞鸣鞋,普通装备,176,法师,10,1
1038,阎罗八荒鞋,普通装备,216,法师,12,1
1039,玉涎护腕,普通装备,39,法师,2,1
1040,炫元护腕,普通装备,59,法师,3,1
1041,三命同归护腕,普通装备,79,法师,4,1
1042,九重寒冰护腕,普通装备,99,法师,5,1
1043,圣玄天罡护腕,普通装备,112,法师,6,1
1044,云华仙尊护腕,普通装备,116,法师,7,1
1045,紫气玄光护腕,普通装备,119,法师,8,1
1046,凤凌长空护腕,普通装备,141,法师,9,1
1047,夜鸟飞鸣护腕,普通装备,170,法师,10,1
1048,阎罗八荒护腕,普通装备,210,法师,12,1
1049,奇楠杖,普通装备,30,法师,2,1
1050,诛邪,普通装备,110,法师,6,1
1051,镇魔,普通装备,114,法师,7,1
1052,光华,普通装备,118,法师,8,1
1053,神谕,普通装备,121,法师,9,1
1054,白萱,普通装备,160,法师,10,1
1055,布星,普通装备,200,法师,12,1
1056,魔岩披风,普通装备,53,弓手,3,1
1057,浩然长空披风,普通装备,73,弓手,4,1
1058,双翼锤,普通装备,30,牧师,2,1
1059,梵心大道披风,普通装备,129,牧师,9,1
1060,煞星孤灭披风,普通装备,163,牧师,10,1
1061,轮回,普通装备,110,牧师,6,1
1062,星轨,普通装备,114,牧师,7,1
1063,蕴道,普通装备,118,牧师,8,1
1064,梵音,普通装备,121,牧师,9,1
1065,赚煞,普通装备,160,牧师,10,1
1066,昊天,普通装备,200,牧师,12,1
1067,雁翅帽,普通装备,35,牧师,2,1
1068,凤铭帽,普通装备,55,牧师,3,1
1069,鸣夜动天帽,普通装备,75,牧师,4,1
1070,天武神雷帽,普通装备,95,牧师,5,1
1071,惊鸿流云披风,普通装备,93,弓手,5,1
1072,蹑月凌云披风,普通装备,114,弓手,7,1
1073,元光琼仙帽,普通装备,111,牧师,6,1
1074,碧落红尘帽,普通装备,115,牧师,7,1
1075,天元归一帽,普通装备,118,牧师,8,1
1076,梵心大道帽,普通装备,133,牧师,9,1
1077,煞星孤灭帽,普通装备,165,牧师,10,1
1078,雁翅腰带,普通装备,43,牧师,2,1
1079,凤铭腰带,普通装备,63,牧师,3,1
1080,鸣夜动天腰带,普通装备,83,牧师,4,1
1081,天武神雷腰带,普通装备,103,牧师,5,1
1082,元光琼仙腰带,普通装备,112,牧师,6,1
1083,碧落红尘腰带,普通装备,116,牧师,7,1
1084,天元归一腰带,普通装备,120,牧师,8,1
1085,梵心大道腰带,普通装备,149,牧师,9,1
1086,煞星孤灭腰带,普通装备,174,牧师,10,1
1087,紫凰盘魂腰带,普通装备,214,牧师,12,1
1088,雁翅披风,普通装备,33,牧师,2,1
1089,凤铭披风,普通装备,53,牧师,3,1
1090,鸣夜动天披风,普通装备,73,牧师,4,1
1091,飘渺虚空披风,普通装备,110,弓手,6,1
1092,天武神雷披风,普通装备,93,牧师,5,1
1093,元光琼仙披风,普通装备,110,牧师,6,1
1094,碧落红尘披风,普通装备,114,牧师,7,1
1095,天元归一披风,普通装备,118,牧师,8,1
1096,雁翅衫,普通装备,31,牧师,2,1
1097,凤铭衫,普通装备,51,牧师,3,1
1098,鸣夜动天衫,普通装备,71,牧师,4,1
1099,天武神雷衫,普通装备,91,牧师,5,1
1100,元光琼仙衫,普通装备,110,牧师,6,1
1101,碧落红尘衫,普通装备,114,牧师,7,1
1102,天元归一衫,普通装备,118,牧师,8,1
1103,梵心大道衫,普通装备,125,牧师,9,1
1104,煞星孤灭衫,普通装备,161,牧师,10,1
1105,紫凰盘魂衫,普通装备,201,牧师,12,1
1106,雁翅护腿,普通装备,41,牧师,2,1
1107,凤铭护腿,普通装备,61,牧师,3,1
1108,毋涩帽,普通装备,35,道士,2,1
1109,鸣夜动天护腿,普通装备,81,牧师,4,1
1110,天武神雷护腿,普通装备,101,牧师,5,1
1111,元光琼仙护腿,普通装备,112,牧师,6,1
1112,碧落红尘护腿,普通装备,116,牧师,7,1
1113,梵心大道护腿,普通装备,145,牧师,9,1
1114,煞星孤灭护腿,普通装备,172,牧师,10,1
1115,紫凰盘魂护腿,普通装备,212,牧师,12,1
1116,雁翅鞋,普通装备,45,牧师,2,1
1117,凤铭鞋,普通装备,65,牧师,3,1
1118,鸣夜动天鞋,普通装备,85,牧师,4,1
1119,天武神雷鞋,普通装备,105,牧师,5,1
1120,元光琼仙鞋,普通装备,113,牧师,6,1
1121,碧落红尘鞋,普通装备,117,牧师,7,1
1122,天元归一鞋,普通装备,120,牧师,8,1
1123,梵心大道鞋,普通装备,153,牧师,9,1
1124,煞星孤灭鞋,普通装备,176,牧师,10,1
1125,紫凰盘魂鞋,普通装备,216,牧师,12,1
1126,雁翅护腕,普通装备,39,牧师,2,1
1127,凤铭护腕,普通装备,59,牧师,3,1
1128,鸣夜动天护腕,普通装备,79,牧师,4,1
1129,天武神雷护腕,普通装备,99,牧师,5,1
1130,元光琼仙护腕,普通装备,112,牧师,6,1
1131,碧落红尘护腕,普通装备,116,牧师,7,1
1132,天元归一护腕,普通装备,119,牧师,8,1
1133,梵心大道护腕,普通装备,141,牧师,9,1
1134,煞星孤灭护腕,普通装备,170,牧师,10,1
1135,紫凰盘魂护腕,普通装备,210,牧师,12,1
1136,月牙突,普通装备,30,道士,2,1
1137,帝殇,普通装备,110,道士,6,1
1138,沉渊,普通装备,114,道士,7,1
1139,玄瞑,普通装备,118,道士,8,1
1140,灵劫,普通装备,121,道士,9,1
1141,冥怨,普通装备,160,道士,10,1
1142,蛊魄,普通装备,200,道士,12,1
1143,风驰云走腰带,普通装备,174,弓手,10,1
1144,血涯帽,普通装备,55,道士,3,1
1145,大道无庸帽,普通装备,75,道士,4,1
1146,魅舞罗刹帽,普通装备,95,道士,5,1
1147,浩然长空铠,普通装备,71,弓手,4,1
1148,惊鸿流云铠,普通装备,91,弓手,5,1
1149,太阴灵佑帽,普通装备,111,道士,6,1
1150,沧溟千劫帽,普通装备,115,道士,7,1
1151,幽冥圣灵帽,普通装备,118,道士,8,1
1152,太阴啼魂帽,普通装备,133,道士,9,1
1153,固阴冱寒帽,普通装备,165,道士,10,1
1154,暗鸦夺魂帽,普通装备,205,道士,12,1
1155,毋涩腰带,普通装备,43,道士,2,1
1156,血涯腰带,普通装备,63,道士,3,1
1157,大道无庸腰带,普通装备,83,道士,4,1
1158,魅舞罗刹腰带,普通装备,103,道士,5,1
1159,太阴灵佑腰带,普通装备,112,道士,6,1
1160,沧溟千劫腰带,普通装备,116,道士,7,1
1161,幽冥圣灵腰带,普通装备,120,道士,8,1
1162,太阴啼魂腰带,普通装备,149,道士,9,1
1163,固阴冱寒腰带,普通装备,174,道士,10,1
1164,暗鸦夺魂腰带,普通装备,214,道士,12,1
1165,毋涩披风,普通装备,33,道士,2,1
1166,血涯披风,普通装备,53,道士,3,1
1167,大道无庸披风,普通装备,73,道士,4,1
1168,魅舞罗刹披风,普通装备,93,道士,5,1
1169,飘渺虚空铠,普通装备,110,弓手,6,1
1170,蹑月凌云铠,普通装备,114,弓手,7,1
1171,太阴灵佑披风,普通装备,110,道士,6,1
1172,沧溟千劫披风,普通装备,114,道士,7,1
1173,幽冥圣灵披风,普通装备,118,道士,8,1
1174,太阴啼魂披风,普通装备,129,道士,9,1
1175,固阴冱寒披风,普通装备,163,道士,10,1
1176,暗鸦夺魂披风,普通装备,203,道士,12,1
1177,毋涩衣,普通装备,31,道士,2,1
1178,血涯衣,普通装备,51,道士,3,1
1179,大道无庸衣,普通装备,71,道士,4,1
1180,魅舞罗刹衣,普通装备,91,道士,5,1
1181,太阴灵佑衣,普通装备,110,道士,6,1
1182,沧溟千劫衣,普通装备,114,道士,7,1
1183,幽冥圣灵衣,普通装备,118,道士,8,1
1184,太阴啼魂衣,普通装备,125,道士,9,1
1185,固阴冱寒衣,普通装备,161,道士,10,1
1186,暗鸦夺魂衣,普通装备,201,道士,12,1
1187,紫霄陨日腰带,普通装备,214,弓手,12,1
1188,御风缥缈披风,普通装备,118,弓手,8,1
1189,毋涩护腿,普通装备,41,道士,2,1
1190,血涯护腿,普通装备,61,道士,3,1
1191,大道无庸护腿,普通装备,81,道士,4,1
1192,魅舞罗刹护腿,普通装备,101,道士,5,1
1193,御风缥缈铠,普通装备,118,弓手,8,1
1194,不坠青云铠,普通装备,125,弓手,9,1
1195,太阴灵佑护腿,普通装备,112,道士,6,1
1196,沧溟千劫护腿,普通装备,116,道士,7,1
1197,幽冥圣灵护腿,普通装备,119,道士,8,1
1198,太阴啼魂护腿,普通装备,145,道士,9,1
1199,固阴冱寒护腿,普通装备,172,道士,10,1
1200,暗鸦夺魂护腿,普通装备,212,道士,12,1
1201,毋涩鞋,普通装备,45,道士,2,1
1202,血涯鞋,普通装备,65,道士,3,1
1203,大道无庸鞋,普通装备,85,道士,4,1
1204,魅舞罗刹鞋,普通装备,105,道士,5,1
1205,太阴灵佑鞋,普通装备,113,道士,6,1
1206,沧溟千劫鞋,普通装备,117,道士,7,1
1207,幽冥圣灵鞋,普通装备,120,道士,8,1
1208,太阴啼魂鞋,普通装备,153,道士,9,1
1209,固阴冱寒鞋,普通装备,176,道士,10,1
1210,暗鸦夺魂鞋,普通装备,216,道士,12,1
1211,虎蚕披风,普通装备,33,弓手,2,1
1212,毋涩护腕,普通装备,39,道士,2,1
1213,血涯护腕,普通装备,59,道士,3,1
1214,大道无庸护腕,普通装备,79,道士,4,1
1215,魅舞罗刹护腕,普通装备,99,道士,5,1
1216,风驰云走铠,普通装备,161,弓手,10,1
1217,紫霄陨日铠,普通装备,201,弓手,12,1
1218,太阴灵佑护腕,普通装备,112,道士,6,1
1219,沧溟千劫护腕,普通装备,116,道士,7,1
1220,幽冥圣灵护腕,普通装备,119,道士,8,1
1221,太阴啼魂护腕,普通装备,141,道士,9,1
1222,固阴冱寒护腕,普通装备,170,道士,10,1
1223,暗鸦夺魂护腕,普通装备,210,道士,12,1
1224,虎蚕盔,普通装备,35,弓手,2,1
1225,魔岩盔,普通装备,55,弓手,3,1
1226,浩然长空盔,普通装备,75,弓手,4,1
1227,惊鸿流云盔,普通装备,95,弓手,5,1
1228,飘渺虚空盔,普通装备,111,弓手,6,1
1229,蹑月凌云盔,普通装备,115,弓手,7,1
1230,御风缥缈盔,普通装备,118,弓手,8,1
1231,不坠青云盔,普通装备,133,弓手,9,1
1232,风驰云走盔,普通装备,165,弓手,10,1
1233,紫霄陨日盔,普通装备,205,弓手,12,1
1234,虎蚕腰带,普通装备,43,弓手,2,1
1235,魔岩腰带,普通装备,63,弓手,3,1
1236,浩然长空腰带,普通装备,83,弓手,4,1
1237,惊鸿流云腰带,普通装备,103,弓手,5,1
1238,飘渺虚空腰带,普通装备,112,弓手,6,1
1239,蹑月凌云腰带,普通装备,116,弓手,7,1
1240,御风缥缈腰带,普通装备,120,弓手,8,1
1241,不坠青云腰带,普通装备,149,弓手,9,1
1242,不坠青云披风,普通装备,129,弓手,9,1
1243,风驰云走披风,普通装备,163,弓手,10,1
1244,紫霄陨日披风,普通装备,203,弓手,12,1
1245,虎蚕铠,普通装备,31,弓手,2,1
1246,魔岩铠,普通装备,51,弓手,3,1
1247,虎蚕护腿,普通装备,41,弓手,2,1
1248,魔岩护腿,普通装备,61,弓手,3,1
1249,浩然长空护腿,普通装备,81,弓手,4,1
1250,惊鸿流云护腿,普通装备,101,弓手,5,1
1251,飘渺虚空护腿,普通装备,112,弓手,6,1
1252,蹑月凌云护腿,普通装备,116,弓手,7,1
1253,御风缥缈护腿,普通装备,119,弓手,8,1
1254,不坠青云护腿,普通装备,145,弓手,9,1
1255,风驰云走护腿,普通装备,172,弓手,10,1
1256,紫霄陨日护腿,普通装备,212,弓手,12,1
1257,虎蚕靴,普通装备,45,弓手,2,1
1258,魔岩靴,普通装备,65,弓手,3,1
1259,浩然长空靴,普通装备,85,弓手,4,1
1260,惊鸿流云靴,普通装备,105,弓手,5,1
1261,飘渺虚空靴,普通装备,113,弓手,6,1
1262,蹑月凌云靴,普通装备,117,弓手,7,1
1263,御风缥缈靴,普通装备,120,弓手,8,1
1264,不坠青云靴,普通装备,153,弓手,9,1
1265,风驰云走靴,普通装备,176,弓手,10,1
1266,紫霄陨日靴,普通装备,216,弓手,12,1
1267,虎蚕护腕,普通装备,39,弓手,2,1
1268,魔岩护腕,普通装备,59,弓手,3,1
1269,浩然长空护腕,普通装备,79,弓手,4,1
1270,惊鸿流云护腕,普通装备,99,弓手,5,1
1271,飘渺虚空护腕,普通装备,112,弓手,6,1
1272,蹑月凌云护腕,普通装备,116,弓手,7,1
1273,御风缥缈护腕,普通装备,119,弓手,8,1
1274,不坠青云护腕,普通装备,141,弓手,9,1
1275,风驰云走护腕,普通装备,170,弓手,10,1
1276,紫霄陨日护腕,普通装备,210,弓手,12,1
1277,贪狼,普通装备,90,弓手,5,1
1278,逐日,普通装备,110,弓手,6,1
1279,御风,普通装备,114,弓手,7,1
1280,九霄,普通装备,118,弓手,8,1
1281,遮天,普通装备,121,弓手,9,1
1282,孤鸾,普通装备,160,弓手,10,1
1283,破尘,普通装备,200,弓手,12,1
1284,寻道,普通装备,218,不限,12,1
1285,五福祥瑞狮碎片,奇珍异宝,10,不限,5,5
1286,混元晶,奇珍异宝,80,不限,3,3
1287,返灵丹,奇珍异宝,80,不限,4,4
1288,三头蛊雕碎片,奇珍异宝,10,不限,5,5
1289,大风碎片,奇珍异宝,10,不限,5,5
1290,冰霜祸斗碎片,奇珍异宝,10,不限,4,4
1291,炼狱烈马碎片,奇珍异宝,10,不限,4,4
1292,金甲战熊碎片,奇珍异宝,10,不限,4,4
1293,飞廉石,奇珍异宝,40,不限,3,3
1294,句芒木,奇珍异宝,40,不限,4,4
1295,羲和光,奇珍异宝,40,不限,4,4
1296,共工晶,奇珍异宝,40,不限,3,3
1297,祝融炎,奇珍异宝,40,不限,3,3
1298,迅猛龙碎片,奇珍异宝,10,不限,4,4
1299,玉冥皇碎片,奇珍异宝,40,不限,4,4
1300,吉祥天碎片,奇珍异宝,40,不限,4,4
1301,独角兽碎片,奇珍异宝,60,不限,4,4
1302,云中翅碎片,奇珍异宝,60,不限,4,4
1303,双翅金乌碎片,奇珍异宝,60,不限,4,4
1304,擎天神将碎片,奇珍异宝,60,不限,5,5
1305,七星魔君碎片,奇珍异宝,60,不限,5,5
1306,逢蒙碎片,奇珍异宝,80,不限,4,4
1307,蓬莱星君碎片,奇珍异宝,80,不限,4,4
1308,狱魔碎片,奇珍异宝,80,不限,5,5
1309,天尊碎片,奇珍异宝,80,不限,5,5
1310,耀嘉碎片,奇珍异宝,80,不限,5,5
1311,火麒麟碎片,奇珍异宝,100,不限,6,6
1312,华夏熊猫碎片,奇珍异宝,100,不限,6,6
1313,旋龟碎片,奇珍异宝,100,不限,6,6
1314,广寒雪兔碎片,奇珍异宝,60,不限,4,4
1315,天灵碎片,奇珍异宝,80,不限,4,4
1316,魅狐仙子碎片,奇珍异宝,80,不限,4,4
1317,观海巨蟹碎片,奇珍异宝,115,不限,4,4
1318,乱世女邪碎片,奇珍异宝,115,不限,4,4
1319,伏羲使者碎片,奇珍异宝,115,不限,4,4
1320,赤焰祸斗碎片,奇珍异宝,10,不限,5,5
1321,应龙碎片,奇珍异宝,10,不限,4,4
1322,炎牛碎片,奇珍异宝,10,不限,4,4
1323,神农炎牛碎片,奇珍异宝,10,不限,5,5
1324,五尾角狰碎片,奇珍异宝,10,不限,5,5
1325,避水灵兽碎片,奇珍异宝,10,不限,3,3
1326,寒霜剑碎片,奇珍异宝,10,不限,3,3
1327,奔雷奎牛碎片,奇珍异宝,10,不限,5,5
1328,天鼠碎片,奇珍异宝,10,不限,4,4
1329,猫妖碎片,奇珍异宝,10,不限,4,4
1330, 蒙奇碎片,奇珍异宝,10,不限,5,5
1331, 凿齿碎片,奇珍异宝,10,不限,5,5
1332, 九黎巨象碎片,奇珍异宝,10,不限,5,5
1333,青玉鸟碎片,奇珍异宝,10,不限,5,5
1334,金仙宝葫碎片,奇珍异宝,10,不限,5,5
1335,上古熊猫碎片,奇珍异宝,10,不限,5,5
1336,讹兽碎片,奇珍异宝,1,不限,6,6
1337,鹿蜀碎片,奇珍异宝,10,不限,5,5
1338,兽神诀,奇珍异宝,80,不限,4,4
1339,镇灵尘,奇珍异宝,90,不限,3,3
1340,华夏熊猫,稀有宠物,100,不限,0,6
1341,火麒麟,稀有宠物,100,不限,0,6
1342,魅狐仙子,稀有宠物,80,不限,0,4
1343,天灵,稀有宠物,80,不限,0,4
1344,耀嘉,稀有宠物,80,不限,0,5
1345,天尊,稀有宠物,80,不限,0,5
1346,狱魔,稀有宠物,80,不限,0,5
1347,蓬莱星君,稀有宠物,80,不限,0,4
1348,逢蒙,稀有宠物,80,不限,0,4
1349,碧火精金兽,稀有宠物,80,不限,0,3
1350,广寒雪兔,稀有宠物,60,不限,0,4
1351,七星魔君,稀有宠物,60,不限,0,5
1352,擎天神将,稀有宠物,60,不限,0,5
1353,双翅金乌,稀有宠物,60,不限,0,4
1354,云中翅,稀有宠物,60,不限,0,4
1355,独角兽,稀有宠物,60,不限,0,4
1356,崩龙,稀有宠物,60,不限,0,3
1357,吉祥天,稀有宠物,40,不限,0,4
1358,玉冥皇,稀有宠物,40,不限,0,4
1359,化骨虫,稀有宠物,40,不限,0,2
1360,红毛大宝,稀有宠物,20,不限,0,1
1361,招财小妖,稀有宠物,20,不限,0,1
1362,青州蝎,稀有宠物,20,不限,0,1
1363,暹逻猫,稀有宠物,20,不限,0,1
1364,震天雷兽,稀有宠物,100,不限,0,4
1365,云麓仙子,稀有宠物,100,不限,0,4
1366,观海巨蟹,稀有宠物,115,不限,4,4
1367,乱世女邪,稀有宠物,115,不限,4,4
1368,伏羲使者,稀有宠物,115,不限,4,4
1369,恶灵岩魔,稀有宠物,100,不限,0,6
1370,暴烈岩蛇,稀有宠物,125,不限,4,4
1371,噬魂骨音,稀有宠物,125,不限,4,4
1372,金神蓐收,稀有宠物,189,不限,7,7
1373,火神祝融,稀有宠物,189,不限,7,7
1374,水神共工,稀有宠物,189,不限,7,7
1375,土神后土,稀有宠物,189,不限,7,7
1376,青丘女帝,稀有宠物,180,不限,7,7
1377,盘瓠斗神,稀有宠物,221,不限,7,7
1378,海主禺疆,稀有宠物,221,不限,7,7
1379,天女魃魅,稀有宠物,221,不限,7,7
1380,月神常曦,稀有宠物,221,不限,7,7
1381,玉泉琼浆,药品,40,不限,1,2
1382,三花玉液,药品,60,不限,2,2
1383,九转圣水,药品,80,不限,3,3
1384,赦魂水,药品,1,不限,1,2
1385,续命小还丹,药品,20,不限,1,1
1386,续命大还丹,药品,40,不限,1,1
1387,三清续命丹,药品,60,不限,1,2
1388,九转续命丹,药品,80,不限,1,2
1389,龙涎续命丹,药品,100,不限,1,2
1390,玄玉续命丹,药品,100,不限,1,1
1391,幻灵续命丹,药品,100,不限,1,1
1392,混元续命丹,药品,100,不限,1,1
1393,灵符凝神液,药品,20,不限,1,1
1394,玉泉凝神液,药品,40,不限,1,1
1395,三花凝神液,药品,60,不限,1,2
1396,九转凝神液,药品,80,不限,1,2
1397,龙涎凝神液,药品,100,不限,1,2
1398,玄玉凝神液,药品,100,不限,1,1
1399,幻灵凝神液,药品,100,不限,1,1
1400,混元凝神液,药品,100,不限,1,1
1401,仙魂丹,药品,20,不限,1,1
1402,盘瓠斗神魂珠,宠物,221,不限,7,7
1403,海主禺疆魂珠,宠物,221,不限,7,7
1404,天女魃魅魂珠,宠物,221,不限,7,7
1405,月神常曦魂珠,宠物,221,不限,7,7
1406,猛击,宠物材料,20,不限,3,3
1407,强效猛击,宠物材料,20,不限,4,4
1408,裂击,宠物材料,20,不限,3,3
1409,强效裂击,宠物材料,20,不限,4,4
1410,炎击,宠物材料,20,不限,3,3
1411,强效炎击,宠物材料,20,不限,4,4
1412,冰击,宠物材料,20,不限,3,3
1413,强效冰击,宠物材料,20,不限,4,4
1414,雷击,宠物材料,20,不限,3,3
1415,强效雷击,宠物材料,20,不限,4,4
1416,暗击,宠物材料,20,不限,3,3
1417,强效暗击,宠物材料,20,不限,4,4
1418,流星,宠物材料,20,不限,3,3
1419,强效流星,宠物材料,20,不限,4,4
1420,冰霜,宠物材料,20,不限,3,3
1421,强效冰霜,宠物材料,20,不限,4,4
1422,雷暴,宠物材料,20,不限,3,3
1423,强效雷暴,宠物材料,20,不限,4,4
1424,夜幕,宠物材料,20,不限,3,3
1425,强效夜幕,宠物材料,20,不限,4,4
1426,迅捷,宠物材料,20,不限,3,3
1427,强效迅捷,宠物材料,20,不限,4,4
1428,致命,宠物材料,20,不限,3,3
1429,强效致命,宠物材料,20,不限,4,4
1430,法爆,宠物材料,20,不限,3,3
1431,强效法爆,宠物材料,20,不限,4,4
1432,魂力,宠物材料,20,不限,3,3
1433,强效魂力,宠物材料,20,不限,4,4
1434,魂能,宠物材料,20,不限,3,3
1435,强效魂能,宠物材料,20,不限,4,4
1436,连击,宠物材料,20,不限,3,3
1437,强效连击,宠物材料,20,不限,4,4
1438,噬魂,宠物材料,20,不限,3,3
1439,强效噬魂,宠物材料,20,不限,4,4
1440,嗜血,宠物材料,20,不限,3,3
1441,强效嗜血,宠物材料,20,不限,4,4
1442,敏锐,宠物材料,20,不限,3,3
1443,强效敏锐,宠物材料,20,不限,4,4
1444,震击,宠物材料,20,不限,3,3
1445,强效震击,宠物材料,20,不限,4,4
1446,魂灵,宠物材料,20,不限,3,3
1447,强效魂灵,宠物材料,20,不限,4,4
1448,魂甲,宠物材料,20,不限,3,3
1449,强效魂甲,宠物材料,20,不限,4,4
1450,魂元,宠物材料,20,不限,3,3
1451,强效魂元,宠物材料,20,不限,4,4
1452,复活,宠物材料,20,不限,3,3
1453,强效复活,宠物材料,20,不限,4,4
1454,治愈,宠物材料,20,不限,3,3
1455,强效治愈,宠物材料,20,不限,4,4
1456,残废,宠物材料,20,不限,3,3
1457,强效残废,宠物材料,20,不限,4,4
1458,虚灵,宠物材料,20,不限,3,3
1459,强效虚灵,宠物材料,20,不限,4,4
1460,衰弱,宠物材料,20,不限,3,3
1461,强效衰弱,宠物材料,20,不限,4,4
1462,软弱,宠物材料,20,不限,3,3
1463,强效软弱,宠物材料,20,不限,4,4
1464,击昏,宠物材料,20,不限,3,3
1465,强效击昏,宠物材料,20,不限,4,4
1466,禁锢,宠物材料,20,不限,3,3
1467,强效禁锢,宠物材料,20,不限,4,4
1468,缚足,宠物材料,20,不限,3,3
1469,强效缚足,宠物材料,20,不限,4,4
1470,回天,宠物材料,20,不限,3,3
1471,强效回天,宠物材料,20,不限,4,4
1472,狂怒,宠物材料,20,不限,3,3
1473,强效狂怒,宠物材料,20,不限,4,4
1474,庇佑,宠物材料,20,不限,3,3
1475,强效庇佑,宠物材料,20,不限,4,4
1476,驱散,宠物材料,20,不限,3,3
1477,强效驱散,宠物材料,20,不限,4,4
1478,融血,宠物材料,20,不限,3,3
1479,强效融血,宠物材料,20,不限,4,4
1480,庇护,宠物材料,20,不限,3,3
1481,强效庇护,宠物材料,20,不限,4,4
1482,回春,宠物材料,20,不限,3,3
1483,强效回春,宠物材料,20,不限,4,4
1484,战意,宠物材料,20,不限,3,3
1485,强效战意,宠物材料,20,不限,4,4
1486,碎甲,宠物材料,20,不限,3,3
1487,强效碎甲,宠物材料,20,不限,4,4
1488,破法,宠物材料,20,不限,3,3
1489,强效破法,宠物材料,20,不限,4,4
1490,活血,宠物材料,20,不限,3,3
1491,强效活血,宠物材料,20,不限,4,4
1492,钢骨,宠物材料,20,不限,3,3
1493,强效钢骨,宠物材料,20,不限,4,4
1494,寒霜,宠物材料,20,不限,3,3
1495,强效寒霜,宠物材料,20,不限,4,4
1496,压迫,宠物材料,20,不限,3,3
1497,强效压迫,宠物材料,20,不限,4,4
1498,威势,宠物材料,20,不限,3,3
1499,强效威势,宠物材料,20,不限,4,4
1500,硬皮,宠物材料,20,不限,3,3
1501,强效硬皮,宠物材料,20,不限,4,4
1502,凶戾,宠物材料,20,不限,3,3
1503,强效凶戾,宠物材料,20,不限,4,4
1504,怒嚎,宠物材料,20,不限,4,4
1505,星屑剑,宠物装备,1,不限,1,1
1506,星尘斧,宠物装备,1,不限,2,1
1507,星屑甲,宠物装备,1,不限,1,1
1508,星尘甲,宠物装备,1,不限,2,1
1509,星屑盾,宠物装备,1,不限,1,1
1510,星尘盾,宠物装备,1,不限,2,1
1511,星屑盔,宠物装备,1,不限,1,1
1512,星尘盔,宠物装备,1,不限,2,1
1513,1档宠物武器图鉴,宠物装备,1,不限,1,5
1514,1档宠物护盾图鉴,宠物装备,1,不限,1,5
1515,1档宠物头盔图鉴,宠物装备,1,不限,1,5
1516,1档宠物护甲图鉴,宠物装备,1,不限,1,5
1517,2档宠物武器图鉴,宠物装备,1,不限,2,6
1518,2档宠物护盾图鉴,宠物装备,1,不限,2,6
1519,2档宠物头盔图鉴,宠物装备,1,不限,2,6
1520,2档宠物护甲图鉴,宠物装备,1,不限,2,6
1521,3档宠物武器图鉴,宠物装备,1,不限,3,6
1522,3档宠物护盾图鉴,宠物装备,1,不限,3,6
1523,3档宠物头盔图鉴,宠物装备,1,不限,3,6
1524,3档宠物护甲图鉴,宠物装备,1,不限,3,6
1525,4档宠物武器图鉴,宠物装备,1,不限,4,6
1526,4档宠物护盾图鉴,宠物装备,1,不限,4,6
1527,4档宠物头盔图鉴,宠物装备,1,不限,4,6
1528,4档宠物护甲图鉴,宠物装备,1,不限,4,6
1529,5档宠物武器图鉴,宠物装备,1,不限,5,6
1530,5档宠物护盾图鉴,宠物装备,1,不限,5,6
1531,5档宠物头盔图鉴,宠物装备,1,不限,5,6
1532,5档宠物护甲图鉴,宠物装备,1,不限,5,6
1533,陨铁,宠物装备,1,不限,8,3
1534,1档魂装宝箱,宠物装备,1,不限,3,3
1535,陨铁宝箱,宠物装备,1,不限,3,3
1536,2档魂装宝箱,宠物装备,1,不限,3,3
1537,3档魂装宝箱,宠物装备,1,不限,3,3
1538,4档魂装宝箱,宠物装备,1,不限,3,3
1539,5档魂装宝箱,宠物装备,1,不限,3,3
1540,转移符,宠物装备,121,不限,5,5
1541,魂装升档石,宠物装备,1,不限,5,5
1542,魂石·凡,宠物装备,1,不限,3,3
1543,魂石·珍,宠物装备,1,不限,5,5
1544,曜金矿石,装备材料,180,不限,2,2
1545,九转菩提,装备材料,180,不限,3,3
1546,摩诃水晶,装备材料,180,不限,4,4
1547,蚀日之晶,装备材料,180,不限,2,3
1548,升档石,装备材料,100,不限,5,5
1549,11档法师武器图鉴,装备材料,180,不限,11,6
1550,新月之石,装备材料,30,不限,2,3
1551,海魂水晶,装备材料,50,不限,3,3
1552,普通无双石,装备材料,70,不限,4,4
1553,精致无双石,装备材料,70,不限,5,5
1554,无瑕无双石,装备材料,70,不限,6,6
1555,九锡晶元,装备材料,80,不限,5,5
1556,九幽之力,装备材料,80,不限,6,6
1557,战神精铁,装备材料,30,不限,2,2
1558,法魂精铁,装备材料,30,不限,2,2
1559,幻影精铁,装备材料,30,不限,2,2
1560,暗夜精铁,装备材料,30,不限,2,2
1561,玄冥精铁,装备材料,30,不限,2,2
1562,天羽精铁,装备材料,30,不限,2,2
1563,5档战士武器图鉴,装备材料,80,不限,5,5
1564,6档战士武器图鉴,装备材料,100,不限,6,6
1565,5档战士防具图鉴,装备材料,80,不限,5,5
1566,6档战士防具图鉴,装备材料,100,不限,6,6
1567,7档战士武器图鉴,装备材料,114,不限,7,6
1568,7档战士防具图鉴,装备材料,114,不限,7,6
1569,8档战士武器图鉴,装备材料,118,不限,8,6
1570,8档战士防具图鉴,装备材料,118,不限,8,6
1571,9档战士武器图鉴,装备材料,121,不限,9,6
1572,9档战士防具图鉴,装备材料,121,不限,9,6
1573,10档战士武器图鉴,装备材料,160,不限,10,6
1574,10档战士防具图鉴,装备材料,160,不限,10,6
1575,11档战士武器图鉴,装备材料,180,不限,11,6
1576,11档战士防具图鉴,装备材料,180,不限,11,6
1577,12档战士武器图鉴,装备材料,200,不限,12,6
1578,12档战士防具图鉴,装备材料,200,不限,12,6
1579,13档战士武器图鉴,装备材料,210,不限,13,6
1580,13档战士防具图鉴,装备材料,210,不限,13,6
1581,5档法师武器图鉴,装备材料,80,不限,5,5
1582,6档法师武器图鉴,装备材料,100,不限,6,6
1583,5档法师防具图鉴,装备材料,80,不限,5,5
1584,6档法师防具图鉴,装备材料,100,不限,6,6
1585,7档法师武器图鉴,装备材料,114,不限,7,6
1586,7档法师防具图鉴,装备材料,114,不限,7,6
1587,8档法师武器图鉴,装备材料,118,不限,8,6
1588,8档法师防具图鉴,装备材料,118,不限,8,6
1589,9档法师武器图鉴,装备材料,121,不限,9,6
1590,9档法师防具图鉴,装备材料,121,不限,9,6
1591,10档法师武器图鉴,装备材料,160,不限,10,6
1592,10档法师防具图鉴,装备材料,160,不限,10,6
1593,11档法师防具图鉴,装备材料,180,不限,11,6
1594,12档法师武器图鉴,装备材料,200,不限,12,6
1595,12档法师防具图鉴,装备材料,200,不限,12,6
1596,13档法师武器图鉴,装备材料,210,不限,13,6
1597,13档法师防具图鉴,装备材料,210,不限,13,6
1598,5档牧师武器图鉴,装备材料,80,不限,5,5
1599,6档牧师武器图鉴,装备材料,100,不限,6,6
1600,5档牧师防具图鉴,装备材料,80,不限,5,5
1601,6档牧师防具图鉴,装备材料,100,不限,6,6
1602,7档牧师武器图鉴,装备材料,114,不限,7,6
1603,7档牧师防具图鉴,装备材料,114,不限,7,6
1604,8档牧师武器图鉴,装备材料,118,不限,8,6
1605,8档牧师防具图鉴,装备材料,118,不限,8,6
1606,9档牧师武器图鉴,装备材料,121,不限,9,6
1607,9档牧师防具图鉴,装备材料,121,不限,9,6
1608,10档牧师武器图鉴,装备材料,160,不限,10,6
1609,10档牧师防具图鉴,装备材料,160,不限,10,6
1610,11档牧师武器图鉴,装备材料,180,不限,11,6
1611,11档牧师防具图鉴,装备材料,180,不限,11,6
1612,12档牧师武器图鉴,装备材料,200,不限,12,6
1613,12档牧师防具图鉴,装备材料,200,不限,12,6
1614,13档牧师武器图鉴,装备材料,210,不限,13,6
1615,13档牧师防具图鉴,装备材料,210,不限,13,6
1616,5档道士武器图鉴,装备材料,80,不限,5,5
1617,6档道士武器图鉴,装备材料,100,不限,6,6
1618,5档道士防具图鉴,装备材料,80,不限,5,5
1619,6档道士防具图鉴,装备材料,100,不限,6,6
1620,7档道士武器图鉴,装备材料,114,不限,7,6
1621,7档道士防具图鉴,装备材料,114,不限,7,6
1622,8档道士武器图鉴,装备材料,118,不限,8,6
1623,8档道士防具图鉴,装备材料,118,不限,8,6
1624,9档道士武器图鉴,装备材料,121,不限,9,6
1625,9档道士防具图鉴,装备材料,121,不限,9,6
1626,10档道士武器图鉴,装备材料,160,不限,10,6
1627,10档道士防具图鉴,装备材料,160,不限,10,6
1628,11档道士武器图鉴,装备材料,180,不限,11,6
1629,11档道士防具图鉴,装备材料,180,不限,11,6
1630,12档道士武器图鉴,装备材料,200,不限,12,6
1631,12档道士防具图鉴,装备材料,200,不限,12,6
1632,13档道士武器图鉴,装备材料,210,不限,13,6
1633,13档道士防具图鉴,装备材料,210,不限,13,6
1634,5档项链图鉴,装备材料,80,不限,5,5
1635,6档项链图鉴,装备材料,100,不限,6,6
1636,5档戒指图鉴,装备材料,80,不限,5,5
1637,6档戒指图鉴,装备材料,100,不限,6,6
1638,7档项链图鉴,装备材料,114,不限,7,6
1639,7档戒指图鉴,装备材料,114,不限,7,6
1640,8档项链图鉴,装备材料,118,不限,8,6
1641,8档戒指图鉴,装备材料,118,不限,8,6
1642,9档项链图鉴,装备材料,121,不限,9,6
1643,9档戒指图鉴,装备材料,121,不限,9,6
1644,10档项链图鉴,装备材料,160,不限,10,6
1645,10档戒指图鉴,装备材料,160,不限,10,6
1646,11档项链图鉴,装备材料,180,不限,11,6
1647,11档戒指图鉴,装备材料,180,不限,11,6
1648,12档项链图鉴,装备材料,200,不限,12,6
1649,12档戒指图鉴,装备材料,200,不限,12,6
1650,13档项链图鉴,装备材料,210,不限,13,6
1651,13档戒指图鉴,装备材料,210,不限,13,6
1652,5档弓手武器图鉴,装备材料,80,不限,5,5
1653,6档弓手武器图鉴,装备材料,110,不限,6,6
1654,5档弓手防具图鉴,装备材料,80,不限,5,5
1655,6档弓手防具图鉴,装备材料,110,不限,6,6
1656,7档弓手武器图鉴,装备材料,114,不限,7,6
1657,7档弓手防具图鉴,装备材料,114,不限,7,6
1658,8档弓手武器图鉴,装备材料,118,不限,8,6
1659,8档弓手防具图鉴,装备材料,118,不限,8,6
1660,9档弓手武器图鉴,装备材料,121,不限,9,6
1661,9档弓手防具图鉴,装备材料,121,不限,9,6
1662,10档弓手武器图鉴,装备材料,160,不限,10,6
1663,10档弓手防具图鉴,装备材料,160,不限,10,6
1664,11档弓手武器图鉴,装备材料,180,不限,11,6
1665,11档弓手防具图鉴,装备材料,180,不限,11,6
1666,12档弓手武器图鉴,装备材料,200,不限,12,6
1667,12档弓手防具图鉴,装备材料,200,不限,12,6
1668,13档弓手武器图鉴,装备材料,210,不限,13,6
1669,13档弓手防具图鉴,装备材料,210,不限,13,6
